day_month;JL_mean;Jtot_mean;thetao_mean;mf0_pil_mean;mf1_pil_mean;mf2_pil_mean;mf3_pil_mean;mf4_pil_mean;mf0_ane_mean;mf1_ane_mean;mf2_ane_mean;mf3_ane_mean;mf4_ane_mean
01-gen;0,178977812;3594991599464346;14,25365204;0,020799314;0,128899564;0,398897084;0,780993936;0,780993936;0,020295745;0,25150247;0,972431795;1,37795767;1,37795767
02-gen;0,178909295;3565746236439450;14,21504508;0,020799314;0,128899564;0,398897084;0,780993936;0,780993936;0,020295745;0,25150247;0,972431795;1,37795767;1,37795767
03-gen;0,179251692;3538992612234957;14,17639604;0,020799314;0,128899564;0,398897084;0,780993936;0,780993936;0,020295745;0,25150247;0,972431795;1,37795767;1,37795767
04-gen;0,179993592;3512751517950669;14,13339812;0,020799314;0,128899564;0,398897084;0,780993936;0,780993936;0,020295745;0,25150247;0,972431795;1,37795767;1,37795767
05-gen;0,180630833;3485272763919463;14,09434518;0,020799314;0,128899564;0,398897084;0,780993936;0,780993936;0,020295745;0,25150247;0,972431795;1,37795767;1,37795767
06-gen;0,18156962;3457947108709120;14,0604012;0,020799314;0,128899564;0,398897084;0,780993936;0,780993936;0,020295745;0,25150247;0,972431795;1,37795767;1,37795767
07-gen;0,183371739;3430695841872947;14,02758982;0,020799314;0,128899564;0,398897084;0,780993936;0,780993936;0,020295745;0,25150247;0,972431795;1,37795767;1,37795767
08-gen;0,185660725;3406282873738752;13,9975827;0,020799314;0,128899564;0,398897084;0,780993936;0,780993936;0,020295745;0,25150247;0,972431795;1,37795767;1,37795767
09-gen;0,188303253;3385238741463757;13,96750461;0,020799314;0,128899564;0,398897084;0,780993936;0,780993936;0,020295745;0,25150247;0,972431795;1,37795767;1,37795767
10-gen;0,191284747;3366724279424333;13,94022427;0,020799314;0,128899564;0,398897084;0,780993936;0,780993936;0,020295745;0,25150247;0,972431795;1,37795767;1,37795767
11-gen;0,194585499;3347880706160461;13,91509185;0,020799314;0,128899564;0,398897084;0,780993936;0,780993936;0,020295745;0,25150247;0,972431795;1,37795767;1,37795767
12-gen;0,197973794;3329639709349863;13,88887194;0,020799314;0,128899564;0,398897084;0,780993936;0,780993936;0,020295745;0,25150247;0,972431795;1,37795767;1,37795767
13-gen;0,201836065;3313865153881677;13,85835373;0,020799314;0,128899564;0,398897084;0,780993936;0,780993936;0,020295745;0,25150247;0,972431795;1,37795767;1,37795767
14-gen;0,206147927;3298207153242547;13,83020606;0,020799314;0,128899564;0,398897084;0,780993936;0,780993936;0,020295745;0,25150247;0,972431795;1,37795767;1,37795767
15-gen;0,210160421;3281414320317645;13,80203742;0,020799314;0,128899564;0,398897084;0,780993936;0,780993936;0,020295745;0,25150247;0,972431795;1,37795767;1,37795767
16-gen;0,213760961;3263941099917722;13,76930505;0,020799314;0,128899564;0,398897084;0,780993936;0,780993936;0,020295745;0,25150247;0,972431795;1,37795767;1,37795767
17-gen;0,217244832;3246382794346880;13,73752719;0,020799314;0,128899564;0,398897084;0,780993936;0,780993936;0,020295745;0,25150247;0,972431795;1,37795767;1,37795767
18-gen;0,220792937;3229937205933568;13,71000349;0,020799314;0,128899564;0,398897084;0,780993936;0,780993936;0,020295745;0,25150247;0,972431795;1,37795767;1,37795767
19-gen;0,223918943;3218529070294528;13,6818102;0,020799314;0,128899564;0,398897084;0,780993936;0,780993936;0,020295745;0,25150247;0,972431795;1,37795767;1,37795767
20-gen;0,226418049;3208329025436954;13,6590124;0,020799314;0,128899564;0,398897084;0,780993936;0,780993936;0,020295745;0,25150247;0,972431795;1,37795767;1,37795767
21-gen;0,229102319;3194348049899008;13,63274004;0,020799314;0,128899564;0,398897084;0,780993936;0,780993936;0,020295745;0,25150247;0,972431795;1,37795767;1,37795767
22-gen;0,231852027;3179889197990272;13,60391023;0,020799314;0,128899564;0,398897084;0,780993936;0,780993936;0,020295745;0,25150247;0,972431795;1,37795767;1,37795767
23-gen;0,23418728;3165818270854042;13,57093085;0,020799314;0,128899564;0,398897084;0,780993936;0,780993936;0,020295745;0,25150247;0,972431795;1,37795767;1,37795767
24-gen;0,235846758;3152800407395175;13,54057022;0,020799314;0,128899564;0,398897084;0,780993936;0,780993936;0,020295745;0,25150247;0,972431795;1,37795767;1,37795767
25-gen;0,236993052;3144049483616435;13,50583227;0,020799314;0,128899564;0,398897084;0,780993936;0,780993936;0,020295745;0,25150247;0,972431795;1,37795767;1,37795767
26-gen;0,237048648;3135372121800551;13,47427761;0,020799314;0,128899564;0,398897084;0,780993936;0,780993936;0,020295745;0,25150247;0,972431795;1,37795767;1,37795767
27-gen;0,236749724;3125225797041511;13,44468526;0,020799314;0,128899564;0,398897084;0,780993936;0,780993936;0,020295745;0,25150247;0,972431795;1,37795767;1,37795767
28-gen;0,237120566;3114829615158170;13,41999835;0,020799314;0,128899564;0,398897084;0,780993936;0,780993936;0,020295745;0,25150247;0,972431795;1,37795767;1,37795767
29-gen;0,237843323;3103934468139239;13,39895685;0,020799314;0,128899564;0,398897084;0,780993936;0,780993936;0,020295745;0,25150247;0,972431795;1,37795767;1,37795767
30-gen;0,239029584;3091267851792640;13,37547104;0,020799314;0,128899564;0,398897084;0,780993936;0,780993936;0,020295745;0,25150247;0,972431795;1,37795767;1,37795767
31-gen;0,240533834;3080931819597491;13,34901633;0,020799314;0,128899564;0,398897084;0,780993936;0,780993936;0,020295745;0,25150247;0,972431795;1,37795767;1,37795767
01-feb;0,242059538;3072005372565018;13,32181649;0,020799314;0,128899564;0,398897084;0,780993936;0,780993936;0,020295745;0,25150247;0,972431795;1,37795767;1,37795767
02-feb;0,243649203;3065391641404570;13,29672059;0,020799314;0,128899564;0,398897084;0,780993936;0,780993936;0,020295745;0,25150247;0,972431795;1,37795767;1,37795767
03-feb;0,246197069;3061401434033690;13,28126063;0,020799314;0,128899564;0,398897084;0,780993936;0,780993936;0,020295745;0,25150247;0,972431795;1,37795767;1,37795767
04-feb;0,24976919;3054977336369459;13,26261813;0,020799314;0,128899564;0,398897084;0,780993936;0,780993936;0,020295745;0,25150247;0,972431795;1,37795767;1,37795767
05-feb;0,253467626;3047152257658727;13,24708903;0,020799314;0,128899564;0,398897084;0,780993936;0,780993936;0,020295745;0,25150247;0,972431795;1,37795767;1,37795767
06-feb;0,257118085;3040183416661056;13,22673778;0,020799314;0,128899564;0,398897084;0,780993936;0,780993936;0,020295745;0,25150247;0,972431795;1,37795767;1,37795767
07-feb;0,261087281;3035459805792730;13,20642038;0,020799314;0,128899564;0,398897084;0,780993936;0,780993936;0,020295745;0,25150247;0,972431795;1,37795767;1,37795767
08-feb;0,264763148;3036153713998707;13,19270735;0,020799314;0,128899564;0,398897084;0,780993936;0,780993936;0,020295745;0,25150247;0,972431795;1,37795767;1,37795767
09-feb;0,266942139;3042519520668352;13,1767399;0,020799314;0,128899564;0,398897084;0,780993936;0,780993936;0,020295745;0,25150247;0,972431795;1,37795767;1,37795767
10-feb;0,267418396;3048654145640115;13,15918598;0,020799314;0,128899564;0,398897084;0,780993936;0,780993936;0,020295745;0,25150247;0,972431795;1,37795767;1,37795767
11-feb;0,267792239;3048934913608883;13,14466322;0,020799314;0,128899564;0,398897084;0,780993936;0,780993936;0,020295745;0,25150247;0,972431795;1,37795767;1,37795767
12-feb;0,268573679;3047064689132749;13,12855482;0,020799314;0,128899564;0,398897084;0,780993936;0,780993936;0,020295745;0,25150247;0,972431795;1,37795767;1,37795767
13-feb;0,269663798;3050481837748736;13,11302492;0,020799314;0,128899564;0,398897084;0,780993936;0,780993936;0,020295745;0,25150247;0,972431795;1,37795767;1,37795767
14-feb;0,271458306;3054104071735616;13,09734201;0,020799314;0,128899564;0,398897084;0,780993936;0,780993936;0,020295745;0,25150247;0,972431795;1,37795767;1,37795767
15-feb;0,27326282;3059525440309120;13,08336915;0,020799314;0,128899564;0,398897084;0,780993936;0,780993936;0,020295745;0,25150247;0,972431795;1,37795767;1,37795767
16-feb;0,274057495;3068156394920077;13,0690262;0,020799314;0,128899564;0,398897084;0,780993936;0,780993936;0,020295745;0,25150247;0,972431795;1,37795767;1,37795767
17-feb;0,27491617;3076258992563815;13,05691522;0,020799314;0,128899564;0,398897084;0,780993936;0,780993936;0,020295745;0,25150247;0,972431795;1,37795767;1,37795767
18-feb;0,276481264;3081473106605773;13,04555032;0,020799314;0,128899564;0,398897084;0,780993936;0,780993936;0,020295745;0,25150247;0,972431795;1,37795767;1,37795767
19-feb;0,278337422;3085996595149645;13,03150576;0,020799314;0,128899564;0,398897084;0,780993936;0,780993936;0,020295745;0,25150247;0,972431795;1,37795767;1,37795767
20-feb;0,280033287;3094179849068954;13,023931;0,020799314;0,128899564;0,398897084;0,780993936;0,780993936;0,020295745;0,25150247;0,972431795;1,37795767;1,37795767
21-feb;0,281516615;3101268384075034;13,01575036;0,020799314;0,128899564;0,398897084;0,780993936;0,780993936;0,020295745;0,25150247;0,972431795;1,37795767;1,37795767
22-feb;0,283019142;3107161191458829;13,00844442;0,020799314;0,128899564;0,398897084;0,780993936;0,780993936;0,020295745;0,25150247;0,972431795;1,37795767;1,37795767
23-feb;0,283573854;3117275697760615;12,99861976;0,020799314;0,128899564;0,398897084;0,780993936;0,780993936;0,020295745;0,25150247;0,972431795;1,37795767;1,37795767
24-feb;0,284099707;3127496391321267;12,98834514;0,020799314;0,128899564;0,398897084;0,780993936;0,780993936;0,020295745;0,25150247;0,972431795;1,37795767;1,37795767
25-feb;0,285427865;3136247056359680;12,98348185;0,020799314;0,128899564;0,398897084;0,780993936;0,780993936;0,020295745;0,25150247;0,972431795;1,37795767;1,37795767
26-feb;0,287037342;3142511234653133;12,97650089;0,020799314;0,128899564;0,398897084;0,780993936;0,780993936;0,020295745;0,25150247;0,972431795;1,37795767;1,37795767
27-feb;0,288701217;3148299537987891;12,97104397;0,020799314;0,128899564;0,398897084;0,780993936;0,780993936;0,020295745;0,25150247;0,972431795;1,37795767;1,37795767
28-feb;0,290099873;3157552642458074;12,96869773;0,020799314;0,128899564;0,398897084;0,780993936;0,780993936;0,020295745;0,25150247;0,972431795;1,37795767;1,37795767
01-mar;0,291623292;3052636639176909;12,96667193;0,020799314;0,128899564;0,398897084;0,780993936;0,780993936;0,020295745;0,25150247;0,972431795;1,37795767;1,37795767
02-mar;0,291290055;3172159496895232;12,96794419;0,020799314;0,128899564;0,398897084;0,780993936;0,780993936;0,020295745;0,25150247;0,972431795;1,37795767;1,37795767
03-mar;0,289522027;3189728785565786;12,97363481;0,020799314;0,128899564;0,398897084;0,780993936;0,780993936;0,020295745;0,25150247;0,972431795;1,37795767;1,37795767
04-mar;0,287345662;3208459829282458;12,97640526;0,020799314;0,128899564;0,398897084;0,780993936;0,780993936;0,020295745;0,25150247;0,972431795;1,37795767;1,37795767
05-mar;0,286158678;3228964488829363;12,97450692;0,020799314;0,128899564;0,398897084;0,780993936;0,780993936;0,020295745;0,25150247;0,972431795;1,37795767;1,37795767
06-mar;0,28587965;3251169596715469;12,96915567;0,020799314;0,128899564;0,398897084;0,780993936;0,780993936;0,020295745;0,25150247;0,972431795;1,37795767;1,37795767
07-mar;0,286502465;3275284351880922;12,96307791;0,020799314;0,128899564;0,398897084;0,780993936;0,780993936;0,020295745;0,25150247;0,972431795;1,37795767;1,37795767
08-mar;0,287615996;3299336552565159;12,95727034;0,020799314;0,128899564;0,398897084;0,780993936;0,780993936;0,020295745;0,25150247;0,972431795;1,37795767;1,37795767
09-mar;0,289118874;3324033150618810;12,95551194;0,020799314;0,128899564;0,398897084;0,780993936;0,780993936;0,020295745;0,25150247;0,972431795;1,37795767;1,37795767
10-mar;0,291133167;3348927794930451;12,95780704;0,020799314;0,128899564;0,398897084;0,780993936;0,780993936;0,020295745;0,25150247;0,972431795;1,37795767;1,37795767
11-mar;0,293168341;3376596182001863;12,96273721;0,020799314;0,128899564;0,398897084;0,780993936;0,780993936;0,020295745;0,25150247;0,972431795;1,37795767;1,37795767
12-mar;0,294900265;3408711676539949;12,96875602;0,020799314;0,128899564;0,398897084;0,780993936;0,780993936;0,020295745;0,25150247;0,972431795;1,37795767;1,37795767
13-mar;0,296294955;3442458394980883;12,98051994;0,020799314;0,128899564;0,398897084;0,780993936;0,780993936;0,020295745;0,25150247;0,972431795;1,37795767;1,37795767
14-mar;0,297866716;3480194052477389;12,99461639;0,020799314;0,128899564;0,398897084;0,780993936;0,780993936;0,020295745;0,25150247;0,972431795;1,37795767;1,37795767
15-mar;0,299199072;3520480857341594;13,00686539;0,020799314;0,128899564;0,398897084;0,780993936;0,780993936;0,020295745;0,25150247;0,972431795;1,37795767;1,37795767
16-mar;0,300753045;3565736265446087;13,02328332;0,020799314;0,128899564;0,398897084;0,780993936;0,780993936;0,020295745;0,25150247;0,972431795;1,37795767;1,37795767
17-mar;0,303032186;3618171865833466;13,04014928;0,020799314;0,128899564;0,398897084;0,780993936;0,780993936;0,020295745;0,25150247;0,972431795;1,37795767;1,37795767
18-mar;0,305752018;3671101186045868;13,05389324;0,020799314;0,128899564;0,398897084;0,780993936;0,780993936;0,020295745;0,25150247;0,972431795;1,37795767;1,37795767
19-mar;0,308990843;3722049556190266;13,06616601;0,020799314;0,128899564;0,398897084;0,780993936;0,780993936;0,020295745;0,25150247;0,972431795;1,37795767;1,37795767
20-mar;0,313484381;3774986966526877;13,07952286;0,020799314;0,128899564;0,398897084;0,780993936;0,780993936;0,020295745;0,25150247;0,972431795;1,37795767;1,37795767
21-mar;0,318864964;3832431602759362;13,09039499;0,020799314;0,128899564;0,398897084;0,780993936;0,780993936;0,020295745;0,25150247;0,972431795;1,37795767;1,37795767
22-mar;0,32423097;3888384209039465;13,10219581;0,020799314;0,128899564;0,398897084;0,780993936;0,780993936;0,020295745;0,25150247;0,972431795;1,37795767;1,37795767
23-mar;0,328789498;3949746707643095;13,11192994;0,020799314;0,128899564;0,398897084;0,780993936;0,780993936;0,020295745;0,25150247;0,972431795;1,37795767;1,37795767
24-mar;0,332537548;4014903636703437;13,1228236;0,020799314;0,128899564;0,398897084;0,780993936;0,780993936;0,020295745;0,25150247;0,972431795;1,37795767;1,37795767
25-mar;0,335990107;4072309739587047;13,1336886;0,020799314;0,128899564;0,398897084;0,780993936;0,780993936;0,020295745;0,25150247;0,972431795;1,37795767;1,37795767
26-mar;0,33989823;4129428865566874;13,14908158;0,020799314;0,128899564;0,398897084;0,780993936;0,780993936;0,020295745;0,25150247;0,972431795;1,37795767;1,37795767
27-mar;0,344320768;4201655013290048;13,16510879;0,020799314;0,128899564;0,398897084;0,780993936;0,780993936;0,020295745;0,25150247;0,972431795;1,37795767;1,37795767
28-mar;0,349258658;4281613535450483;13,17648949;0,020799314;0,128899564;0,398897084;0,780993936;0,780993936;0,020295745;0,25150247;0,972431795;1,37795767;1,37795767
29-mar;0,353780407;4361924801380906;13,19675878;0,020799314;0,128899564;0,398897084;0,780993936;0,780993936;0,020295745;0,25150247;0,972431795;1,37795767;1,37795767
30-mar;0,357689482;4447269856429242;13,21915345;0,020799314;0,128899564;0,398897084;0,780993936;0,780993936;0,020295745;0,25150247;0,972431795;1,37795767;1,37795767
31-mar;0,362240814;4535418778543971;13,24378054;0,020799314;0,128899564;0,398897084;0,780993936;0,780993936;0,020295745;0,25150247;0,972431795;1,37795767;1,37795767
01-apr;0,367369123;4623925822873030;13,26661764;0,020799314;0,128899564;0,398897084;0,780993936;0,780993936;0,020295745;0,25150247;0,972431795;1,37795767;1,37795767
02-apr;0,373039378;4715675517166490;13,29189773;0,020799314;0,128899564;0,398897084;0,780993936;0,780993936;0,020295745;0,25150247;0,972431795;1,37795767;1,37795767
03-apr;0,378709232;4815012976503974;13,3140592;0,020799314;0,128899564;0,398897084;0,780993936;0,780993936;0,020295745;0,25150247;0,972431795;1,37795767;1,37795767
04-apr;0,385106019;4928294310769536;13,33565209;0,020799314;0,128899564;0,398897084;0,780993936;0,780993936;0,020295745;0,25150247;0,972431795;1,37795767;1,37795767
05-apr;0,391402622;5044714669063360;13,35799392;0,020799314;0,128899564;0,398897084;0,780993936;0,780993936;0,020295745;0,25150247;0,972431795;1,37795767;1,37795767
06-apr;0,396520411;5154062812915661;13,38445397;0,020799314;0,128899564;0,398897084;0,780993936;0,780993936;0,020295745;0,25150247;0,972431795;1,37795767;1,37795767
07-apr;0,401259653;5259921738565914;13,40531655;0,020799314;0,128899564;0,398897084;0,780993936;0,780993936;0,020295745;0,25150247;0,972431795;1,37795767;1,37795767
08-apr;0,406087429;5373229155525005;13,42794695;0,020799314;0,128899564;0,398897084;0,780993936;0,780993936;0,020295745;0,25150247;0,972431795;1,37795767;1,37795767
09-apr;0,410897215;5496445536752166;13,45237907;0,020799314;0,128899564;0,398897084;0,780993936;0,780993936;0,020295745;0,25150247;0,972431795;1,37795767;1,37795767
10-apr;0,416232749;5620641923033613;13,47736429;0,020799314;0,128899564;0,398897084;0,780993936;0,780993936;0,020295745;0,25150247;0,972431795;1,37795767;1,37795767
11-apr;0,422240526;5754009556607667;13,50442536;0,020799314;0,128899564;0,398897084;0,780993936;0,780993936;0,020295745;0,25150247;0,972431795;1,37795767;1,37795767
12-apr;0,427960578;5895116428057312;13,52940749;0,020799314;0,128899564;0,398897084;0,780993936;0,780993936;0,020295745;0,25150247;0,972431795;1,37795767;1,37795767
13-apr;0,433136765;6040153310125325;13,5550489;0,020799314;0,128899564;0,398897084;0,780993936;0,780993936;0,020295745;0,25150247;0,972431795;1,37795767;1,37795767
14-apr;0,438358594;6185338507302746;13,58215995;0,020799314;0,128899564;0,398897084;0,780993936;0,780993936;0,020295745;0,25150247;0,972431795;1,37795767;1,37795767
15-apr;0,443791466;6327595530912448;13,60655842;0,020799314;0,128899564;0,398897084;0,780993936;0,780993936;0,020295745;0,25150247;0,972431795;1,37795767;1,37795767
16-apr;0,449740146;6466932331357286;13,6327837;0,020799314;0,128899564;0,398897084;0,780993936;0,780993936;0,020295745;0,25150247;0,972431795;1,37795767;1,37795767
17-apr;0,456853739;6615417883392883;13,65827132;0,020799314;0,128899564;0,398897084;0,780993936;0,780993936;0,020295745;0,25150247;0,972431795;1,37795767;1,37795767
18-apr;0,464325294;6767082722521856;13,6865868;0,020799314;0,128899564;0,398897084;0,780993936;0,780993936;0,020295745;0,25150247;0,972431795;1,37795767;1,37795767
19-apr;0,471615346;6906446331806771;13,71843254;0,020799314;0,128899564;0,398897084;0,780993936;0,780993936;0,020295745;0,25150247;0,972431795;1,37795767;1,37795767
20-apr;0,477744276;7040747157105715;13,75256417;0,020799314;0,128899564;0,398897084;0,780993936;0,780993936;0,020295745;0,25150247;0,972431795;1,37795767;1,37795767
21-apr;0,483288907;7174620283931853;13,78479165;0,020799314;0,128899564;0,398897084;0,780993936;0,780993936;0,020295745;0,25150247;0,972431795;1,37795767;1,37795767
22-apr;0,488199356;7308188376874394;13,81883393;0,020799314;0,128899564;0,398897084;0,780993936;0,780993936;0,020295745;0,25150247;0,972431795;1,37795767;1,37795767
23-apr;0,492950184;7440056189390490;13,85520657;0,020799314;0,128899564;0,398897084;0,780993936;0,780993936;0,020295745;0,25150247;0,972431795;1,37795767;1,37795767
24-apr;0,49764265;7573362125273190;13,89246481;0,020799314;0,128899564;0,398897084;0,780993936;0,780993936;0,020295745;0,25150247;0,972431795;1,37795767;1,37795767
25-apr;0,502532518;7705104691170304;13,92717171;0,020799314;0,128899564;0,398897084;0,780993936;0,780993936;0,020295745;0,25150247;0,972431795;1,37795767;1,37795767
26-apr;0,506538063;7832330669056000;13,96527175;0,020799314;0,128899564;0,398897084;0,780993936;0,780993936;0,020295745;0,25150247;0,972431795;1,37795767;1,37795767
27-apr;0,508773166;7954570556519526;14,00092517;0,020799314;0,128899564;0,398897084;0,780993936;0,780993936;0,020295745;0,25150247;0,972431795;1,37795767;1,37795767
28-apr;0,50947014;8069636845639373;14,04104415;0,020799314;0,128899564;0,398897084;0,780993936;0,780993936;0,020295745;0,25150247;0,972431795;1,37795767;1,37795767
29-apr;0,50992767;8165123816688435;14,07826491;0,020799314;0,128899564;0,398897084;0,780993936;0,780993936;0,020295745;0,25150247;0,972431795;1,37795767;1,37795767
30-apr;0,510867555;8252596077983744;14,11873864;0,020799314;0,128899564;0,398897084;0,780993936;0,780993936;0,020295745;0,25150247;0,972431795;1,37795767;1,37795767
01-mag;0,512055334;8340918648943206;14,16037807;0,020799314;0,128899564;0,398897084;0,780993936;0,780993936;0,020295745;0,25150247;0,972431795;1,37795767;1,37795767
02-mag;0,513205885;8427723823008358;14,20325239;0,020799314;0,128899564;0,398897084;0,780993936;0,780993936;0,020295745;0,25150247;0,972431795;1,37795767;1,37795767
03-mag;0,51358391;8508150961556480;14,2467084;0,020799314;0,128899564;0,398897084;0,780993936;0,780993936;0,020295745;0,25150247;0,972431795;1,37795767;1,37795767
04-mag;0,513892392;8584816365163725;14,29180702;0,020799314;0,128899564;0,398897084;0,780993936;0,780993936;0,020295745;0,25150247;0,972431795;1,37795767;1,37795767
05-mag;0,514944701;8649683161758720;14,33332896;0,020799314;0,128899564;0,398897084;0,780993936;0,780993936;0,020295745;0,25150247;0,972431795;1,37795767;1,37795767
06-mag;0,516470214;8706662441696051;14,37441424;0,020799314;0,128899564;0,398897084;0,780993936;0,780993936;0,020295745;0,25150247;0,972431795;1,37795767;1,37795767
07-mag;0,51812425;8762221724834611;14,41696887;0,020799314;0,128899564;0,398897084;0,780993936;0,780993936;0,020295745;0,25150247;0,972431795;1,37795767;1,37795767
08-mag;0,519659049;8817882213172224;14,46373394;0,020799314;0,128899564;0,398897084;0,780993936;0,780993936;0,020295745;0,25150247;0,972431795;1,37795767;1,37795767
09-mag;0,52132668;8873677071340749;14,50936548;0,020799314;0,128899564;0,398897084;0,780993936;0,780993936;0,020295745;0,25150247;0,972431795;1,37795767;1,37795767
10-mag;0,522831116;8926609250680832;14,55632361;0,020799314;0,128899564;0,398897084;0,780993936;0,780993936;0,020295745;0,25150247;0,972431795;1,37795767;1,37795767
11-mag;0,523060893;8981502717802701;14,60454179;0,020799314;0,128899564;0,398897084;0,780993936;0,780993936;0,020295745;0,25150247;0,972431795;1,37795767;1,37795767
12-mag;0,524111621;9034473386774324;14,64928014;0,020799314;0,128899564;0,398897084;0,780993936;0,780993936;0,020295745;0,25150247;0,972431795;1,37795767;1,37795767
13-mag;0,526254306;9083410654435124;14,69094262;0,020799314;0,128899564;0,398897084;0,780993936;0,780993936;0,020295745;0,25150247;0,972431795;1,37795767;1,37795767
14-mag;0,528780025;9130494789431296;14,734897;0,020799314;0,128899564;0,398897084;0,780993936;0,780993936;0,020295745;0,25150247;0,972431795;1,37795767;1,37795767
15-mag;0,531105697;9173029287637606;14,77610163;0,020799314;0,128899564;0,398897084;0,780993936;0,780993936;0,020295745;0,25150247;0,972431795;1,37795767;1,37795767
16-mag;0,533331282;9214161838117478;14,81314856;0,020799314;0,128899564;0,398897084;0,780993936;0,780993936;0,020295745;0,25150247;0,972431795;1,37795767;1,37795767
17-mag;0,535337344;9257326908917964;14,85430698;0,020799314;0,128899564;0,398897084;0,780993936;0,780993936;0,020295745;0,25150247;0,972431795;1,37795767;1,37795767
18-mag;0,536280482;9304168289266484;14,89625105;0,020799314;0,128899564;0,398897084;0,780993936;0,780993936;0,020295745;0,25150247;0,972431795;1,37795767;1,37795767
19-mag;0,53763071;9353828092398796;14,93767709;0,020799314;0,128899564;0,398897084;0,780993936;0,780993936;0,020295745;0,25150247;0,972431795;1,37795767;1,37795767
20-mag;0,53894354;9399519311632180;14,98049941;0,020799314;0,128899564;0,398897084;0,780993936;0,780993936;0,020295745;0,25150247;0,972431795;1,37795767;1,37795767
21-mag;0,540408192;9442623995707802;15,02003461;0,020799314;0,128899564;0,398897084;0,780993936;0,780993936;0,020295745;0,25150247;0,972431795;1,37795767;1,37795767
22-mag;0,542249377;9482647589470618;15,06175378;0,020799314;0,128899564;0,398897084;0,780993936;0,780993936;0,020295745;0,25150247;0,972431795;1,37795767;1,37795767
23-mag;0,544548739;9520367883285094;15,10807162;0,020799314;0,128899564;0,398897084;0,780993936;0,780993936;0,020295745;0,25150247;0,972431795;1,37795767;1,37795767
24-mag;0,545774992;9555475437637632;15,15310265;0,020799314;0,128899564;0,398897084;0,780993936;0,780993936;0,020295745;0,25150247;0,972431795;1,37795767;1,37795767
25-mag;0,545520673;9589809421740032;15,20169898;0,020799314;0,128899564;0,398897084;0,780993936;0,780993936;0,020295745;0,25150247;0,972431795;1,37795767;1,37795767
26-mag;0,54553711;9627993571203892;15,24983724;0,020799314;0,128899564;0,398897084;0,780993936;0,780993936;0,020295745;0,25150247;0,972431795;1,37795767;1,37795767
27-mag;0,545924893;9660331911360512;15,29643543;0,020799314;0,128899564;0,398897084;0,780993936;0,780993936;0,020295745;0,25150247;0,972431795;1,37795767;1,37795767
28-mag;0,546492127;9689926067366298;15,34320731;0,020799314;0,128899564;0,398897084;0,780993936;0,780993936;0,020295745;0,25150247;0,972431795;1,37795767;1,37795767
29-mag;0,547068814;9718010634439884;15,38427552;0,020799314;0,128899564;0,398897084;0,780993936;0,780993936;0,020295745;0,25150247;0,972431795;1,37795767;1,37795767
30-mag;0,547836712;9740074295754138;15,42635391;0,020799314;0,128899564;0,398897084;0,780993936;0,780993936;0,020295745;0,25150247;0,972431795;1,37795767;1,37795767
31-mag;0,547987974;9754537052910388;15,46974929;0,020799314;0,128899564;0,398897084;0,780993936;0,780993936;0,020295745;0,25150247;0,972431795;1,37795767;1,37795767
01-giu;0,547512924;9771333369509888;15,50720784;0,020799314;0,128899564;0,398897084;0,780993936;0,780993936;0,020295745;0,25150247;0,972431795;1,37795767;1,37795767
02-giu;0,547652901;9789408970903756;15,54677039;0,020799314;0,128899564;0,398897084;0,780993936;0,780993936;0,020295745;0,25150247;0,972431795;1,37795767;1,37795767
03-giu;0,547931013;9804329568162406;15,59207026;0,020799314;0,128899564;0,398897084;0,780993936;0,780993936;0,020295745;0,25150247;0,972431795;1,37795767;1,37795767
04-giu;0,548691267;9820721914918502;15,63548818;0,020799314;0,128899564;0,398897084;0,780993936;0,780993936;0,020295745;0,25150247;0,972431795;1,37795767;1,37795767
05-giu;0,549180025;9834263041515724;15,67827236;0,020799314;0,128899564;0,398897084;0,780993936;0,780993936;0,020295745;0,25150247;0,972431795;1,37795767;1,37795767
06-giu;0,549699416;9845304787071386;15,72099096;0,020799314;0,128899564;0,398897084;0,780993936;0,780993936;0,020295745;0,25150247;0,972431795;1,37795767;1,37795767
07-giu;0,549512589;9854813399580262;15,76592903;0,020799314;0,128899564;0,398897084;0,780993936;0,780993936;0,020295745;0,25150247;0,972431795;1,37795767;1,37795767
08-giu;0,548304304;9864302670406246;15,81090622;0,020799314;0,128899564;0,398897084;0,780993936;0,780993936;0,020295745;0,25150247;0,972431795;1,37795767;1,37795767
09-giu;0,547011699;9869567261756416;15,86162334;0,020799314;0,128899564;0,398897084;0,780993936;0,780993936;0,020295745;0,25150247;0,972431795;1,37795767;1,37795767
10-giu;0,545271194;9870170871408026;15,90642978;0,020799314;0,128899564;0,398897084;0,780993936;0,780993936;0,020295745;0,25150247;0,972431795;1,37795767;1,37795767
11-giu;0,543709828;9874036904205312;15,9513084;0,020799314;0,128899564;0,398897084;0,780993936;0,780993936;0,020295745;0,25150247;0,972431795;1,37795767;1,37795767
12-giu;0,542435973;9873858692581172;15,99435316;0,020799314;0,128899564;0,398897084;0,780993936;0,780993936;0,020295745;0,25150247;0,972431795;1,37795767;1,37795767
13-giu;0,541154897;9873619133340672;16,0374981;0,020799314;0,128899564;0,398897084;0,780993936;0,780993936;0,020295745;0,25150247;0,972431795;1,37795767;1,37795767
14-giu;0,538930321;9871535627986534;16,07733277;0,020799314;0,128899564;0,398897084;0,780993936;0,780993936;0,020295745;0,25150247;0,972431795;1,37795767;1,37795767
15-giu;0,536077784;9869399971637248;16,1160193;0,020799314;0,128899564;0,398897084;0,780993936;0,780993936;0,020295745;0,25150247;0,972431795;1,37795767;1,37795767
16-giu;0,534061298;9869657213200588;16,15521347;0,020799314;0,128899564;0,398897084;0,780993936;0,780993936;0,020295745;0,25150247;0,972431795;1,37795767;1,37795767
17-giu;0,53227261;9868910417567744;16,1966053;0,020799314;0,128899564;0,398897084;0,780993936;0,780993936;0,020295745;0,25150247;0,972431795;1,37795767;1,37795767
18-giu;0,531167016;9868671075025100;16,23887823;0,020799314;0,128899564;0,398897084;0,780993936;0,780993936;0,020295745;0,25150247;0,972431795;1,37795767;1,37795767
19-giu;0,529914522;9868905245022208;16,28034131;0,020799314;0,128899564;0,398897084;0,780993936;0,780993936;0,020295745;0,25150247;0,972431795;1,37795767;1,37795767
20-giu;0,528639637;9869496046232166;16,31489436;0,020799314;0,128899564;0,398897084;0,780993936;0,780993936;0,020295745;0,25150247;0,972431795;1,37795767;1,37795767
21-giu;0,526725934;9866559181475430;16,35195203;0,020799314;0,128899564;0,398897084;0,780993936;0,780993936;0,020295745;0,25150247;0,972431795;1,37795767;1,37795767
22-giu;0,524178479;9865594625938636;16,38960451;0,020799314;0,128899564;0,398897084;0,780993936;0,780993936;0,020295745;0,25150247;0,972431795;1,37795767;1,37795767
23-giu;0,522455619;9863745870704230;16,4287454;0,020799314;0,128899564;0,398897084;0,780993936;0,780993936;0,020295745;0,25150247;0,972431795;1,37795767;1,37795767
24-giu;0,520830651;9858494399135540;16,46846577;0,020799314;0,128899564;0,398897084;0,780993936;0,780993936;0,020295745;0,25150247;0,972431795;1,37795767;1,37795767
25-giu;0,519506301;9857555274882048;16,505722;0,020799314;0,128899564;0,398897084;0,780993936;0,780993936;0,020295745;0,25150247;0,972431795;1,37795767;1,37795767
26-giu;0,518434669;9851992350461542;16,54014533;0,020799314;0,128899564;0,398897084;0,780993936;0,780993936;0,020295745;0,25150247;0,972431795;1,37795767;1,37795767
27-giu;0,517644256;9844311807355700;16,57208784;0,020799314;0,128899564;0,398897084;0,780993936;0,780993936;0,020295745;0,25150247;0,972431795;1,37795767;1,37795767
28-giu;0,516379801;9834221557298176;16,60526105;0,020799314;0,128899564;0,398897084;0,780993936;0,780993936;0,020295745;0,25150247;0,972431795;1,37795767;1,37795767
29-giu;0,514444788;9823680389230592;16,6418789;0,020799314;0,128899564;0,398897084;0,780993936;0,780993936;0,020295745;0,25150247;0,972431795;1,37795767;1,37795767
30-giu;0,513039344;9814233421205708;16,68066428;0,020799314;0,128899564;0,398897084;0,780993936;0,780993936;0,020295745;0,25150247;0,972431795;1,37795767;1,37795767
01-lug;0,511651072;9799638979286220;16,720966;0,020799314;0,128899564;0,398897084;0,780993936;0,780993936;0,020295745;0,25150247;0,972431795;1,37795767;1,37795767
02-lug;0,510888872;9784580503042868;16,75982176;0,020799314;0,128899564;0,398897084;0,780993936;0,780993936;0,020295745;0,25150247;0,972431795;1,37795767;1,37795767
03-lug;0,510289994;9771063272967168;16,80094835;0,020799314;0,128899564;0,398897084;0,780993936;0,780993936;0,020295745;0,25150247;0,972431795;1,37795767;1,37795767
04-lug;0,509948885;9761472896427622;16,8395571;0,020799314;0,128899564;0,398897084;0,780993936;0,780993936;0,020295745;0,25150247;0,972431795;1,37795767;1,37795767
05-lug;0,509350688;9753504213912166;16,87668248;0,020799314;0,128899564;0,398897084;0,780993936;0,780993936;0,020295745;0,25150247;0,972431795;1,37795767;1,37795767
06-lug;0,50798631;9749522222529126;16,90959163;0,020799314;0,128899564;0,398897084;0,780993936;0,780993936;0,020295745;0,25150247;0,972431795;1,37795767;1,37795767
07-lug;0,506414222;9748989048143258;16,94077191;0,020799314;0,128899564;0,398897084;0,780993936;0,780993936;0,020295745;0,25150247;0,972431795;1,37795767;1,37795767
08-lug;0,504786839;9745386236781978;16,97250121;0,020799314;0,128899564;0,398897084;0,780993936;0,780993936;0,020295745;0,25150247;0,972431795;1,37795767;1,37795767
09-lug;0,503409544;9742406280553268;17,00307495;0,020799314;0,128899564;0,398897084;0,780993936;0,780993936;0,020295745;0,25150247;0,972431795;1,37795767;1,37795767
10-lug;0,501934256;9736896070194380;17,03540124;0,020799314;0,128899564;0,398897084;0,780993936;0,780993936;0,020295745;0,25150247;0,972431795;1,37795767;1,37795767
11-lug;0,500456957;9732980591516058;17,0639991;0,020799314;0,128899564;0,398897084;0,780993936;0,780993936;0,020295745;0,25150247;0,972431795;1,37795767;1,37795767
12-lug;0,498835964;9731525443490816;17,0895179;0,020799314;0,128899564;0,398897084;0,780993936;0,780993936;0,020295745;0,25150247;0,972431795;1,37795767;1,37795767
13-lug;0,497142498;9732759461993882;17,11709478;0,020799314;0,128899564;0,398897084;0,780993936;0,780993936;0,020295745;0,25150247;0,972431795;1,37795767;1,37795767
14-lug;0,49598663;9733257201639014;17,14664521;0,020799314;0,128899564;0,398897084;0,780993936;0,780993936;0,020295745;0,25150247;0,972431795;1,37795767;1,37795767
15-lug;0,494652372;9734102725063680;17,17354384;0,020799314;0,128899564;0,398897084;0,780993936;0,780993936;0,020295745;0,25150247;0,972431795;1,37795767;1,37795767
16-lug;0,493623436;9734130518828852;17,19457043;0,020799314;0,128899564;0,398897084;0,780993936;0,780993936;0,020295745;0,25150247;0,972431795;1,37795767;1,37795767
17-lug;0,49283178;9729997137750630;17,21612532;0,020799314;0,128899564;0,398897084;0,780993936;0,780993936;0,020295745;0,25150247;0,972431795;1,37795767;1,37795767
18-lug;0,491986632;9728333333418394;17,2440848;0,020799314;0,128899564;0,398897084;0,780993936;0,780993936;0,020295745;0,25150247;0,972431795;1,37795767;1,37795767
19-lug;0,490595288;9725421109634662;17,27241656;0,020799314;0,128899564;0,398897084;0,780993936;0,780993936;0,020295745;0,25150247;0,972431795;1,37795767;1,37795767
20-lug;0,488524694;9722599261500212;17,30043377;0,020799314;0,128899564;0,398897084;0,780993936;0,780993936;0,020295745;0,25150247;0,972431795;1,37795767;1,37795767
21-lug;0,486555687;9719113350125364;17,32899589;0,020799314;0,128899564;0,398897084;0,780993936;0,780993936;0,020295745;0,25150247;0,972431795;1,37795767;1,37795767
22-lug;0,484389484;9709608161486644;17,35581574;0,020799314;0,128899564;0,398897084;0,780993936;0,780993936;0,020295745;0,25150247;0,972431795;1,37795767;1,37795767
23-lug;0,482446006;9699532359619584;17,3845347;0,020799314;0,128899564;0,398897084;0,780993936;0,780993936;0,020295745;0,25150247;0,972431795;1,37795767;1,37795767
24-lug;0,480517911;9690164248496742;17,40996394;0,020799314;0,128899564;0,398897084;0,780993936;0,780993936;0,020295745;0,25150247;0,972431795;1,37795767;1,37795767
25-lug;0,478503898;9678723506986188;17,43367167;0,020799314;0,128899564;0,398897084;0,780993936;0,780993936;0,020295745;0,25150247;0,972431795;1,37795767;1,37795767
26-lug;0,476076464;9659460274519860;17,45843305;0,020799314;0,128899564;0,398897084;0,780993936;0,780993936;0,020295745;0,25150247;0,972431795;1,37795767;1,37795767
27-lug;0,473663999;9640156836355686;17,48123265;0,020799314;0,128899564;0,398897084;0,780993936;0,780993936;0,020295745;0,25150247;0,972431795;1,37795767;1,37795767
28-lug;0,471869017;9626311094473728;17,5061862;0,020799314;0,128899564;0,398897084;0,780993936;0,780993936;0,020295745;0,25150247;0,972431795;1,37795767;1,37795767
29-lug;0,470004845;9607049232447284;17,53023372;0,020799314;0,128899564;0,398897084;0,780993936;0,780993936;0,020295745;0,25150247;0,972431795;1,37795767;1,37795767
30-lug;0,46837156;9585940754837094;17,55337212;0,020799314;0,128899564;0,398897084;0,780993936;0,780993936;0,020295745;0,25150247;0,972431795;1,37795767;1,37795767
31-lug;0,466681962;9562716989262234;17,57446204;0,020799314;0,128899564;0,398897084;0,780993936;0,780993936;0,020295745;0,25150247;0,972431795;1,37795767;1,37795767
01-ago;0,464920889;9533876832618292;17,58790849;0,020799314;0,128899564;0,398897084;0,780993936;0,780993936;0,020295745;0,25150247;0,972431795;1,37795767;1,37795767
02-ago;0,462849917;9499511919967028;17,61001446;0,020799314;0,128899564;0,398897084;0,780993936;0,780993936;0,020295745;0,25150247;0,972431795;1,37795767;1,37795767
03-ago;0,460327419;9471027288053146;17,63572928;0,020799314;0,128899564;0,398897084;0,780993936;0,780993936;0,020295745;0,25150247;0,972431795;1,37795767;1,37795767
04-ago;0,45817961;9444476709713510;17,65763246;0,020799314;0,128899564;0,398897084;0,780993936;0,780993936;0,020295745;0,25150247;0,972431795;1,37795767;1,37795767
05-ago;0,456109546;9408627008258458;17,67743566;0,020799314;0,128899564;0,398897084;0,780993936;0,780993936;0,020295745;0,25150247;0,972431795;1,37795767;1,37795767
06-ago;0,454386222;9373019197565952;17,69490607;0,020799314;0,128899564;0,398897084;0,780993936;0,780993936;0,020295745;0,25150247;0,972431795;1,37795767;1,37795767
07-ago;0,452717045;9337214263252172;17,71238144;0,020799314;0,128899564;0,398897084;0,780993936;0,780993936;0,020295745;0,25150247;0,972431795;1,37795767;1,37795767
08-ago;0,451389221;9299352853610496;17,73580331;0,020799314;0,128899564;0,398897084;0,780993936;0,780993936;0,020295745;0,25150247;0,972431795;1,37795767;1,37795767
09-ago;0,449837713;9262070857900236;17,75923932;0,020799314;0,128899564;0,398897084;0,780993936;0,780993936;0,020295745;0,25150247;0,972431795;1,37795767;1,37795767
10-ago;0,447604576;9225471601288806;17,77154435;0,020799314;0,128899564;0,398897084;0,780993936;0,780993936;0,020295745;0,25150247;0,972431795;1,37795767;1,37795767
11-ago;0,44530093;9187281684402380;17,77941339;0,020799314;0,128899564;0,398897084;0,780993936;0,780993936;0,020295745;0,25150247;0,972431795;1,37795767;1,37795767
12-ago;0,44297013;9144136204062310;17,78349717;0,020799314;0,128899564;0,398897084;0,780993936;0,780993936;0,020295745;0,25150247;0,972431795;1,37795767;1,37795767
13-ago;0,440716646;9099235744947200;17,79764448;0,020799314;0,128899564;0,398897084;0,780993936;0,780993936;0,020295745;0,25150247;0,972431795;1,37795767;1,37795767
14-ago;0,438399806;9054724144067994;17,81525514;0,020799314;0,128899564;0,398897084;0,780993936;0,780993936;0,020295745;0,25150247;0,972431795;1,37795767;1,37795767
15-ago;0,436205404;9012231143017268;17,83462672;0,020799314;0,128899564;0,398897084;0,780993936;0,780993936;0,020295745;0,25150247;0,972431795;1,37795767;1,37795767
16-ago;0,433873071;8963894742947840;17,84767047;0,020799314;0,128899564;0,398897084;0,780993936;0,780993936;0,020295745;0,25150247;0,972431795;1,37795767;1,37795767
17-ago;0,431328335;8914211715124224;17,86031609;0,020799314;0,128899564;0,398897084;0,780993936;0,780993936;0,020295745;0,25150247;0,972431795;1,37795767;1,37795767
18-ago;0,429233256;8865017476954317;17,87205214;0,020799314;0,128899564;0,398897084;0,780993936;0,780993936;0,020295745;0,25150247;0,972431795;1,37795767;1,37795767
19-ago;0,427248513;8814122743465574;17,8883741;0,020799314;0,128899564;0,398897084;0,780993936;0,780993936;0,020295745;0,25150247;0,972431795;1,37795767;1,37795767
20-ago;0,425441843;8764718041573171;17,90373528;0,020799314;0,128899564;0,398897084;0,780993936;0,780993936;0,020295745;0,25150247;0,972431795;1,37795767;1,37795767
21-ago;0,423514394;8714258958405018;17,91682872;0,020799314;0,128899564;0,398897084;0,780993936;0,780993936;0,020295745;0,25150247;0,972431795;1,37795767;1,37795767
22-ago;0,421827996;8663501924253696;17,92658125;0,020799314;0,128899564;0,398897084;0,780993936;0,780993936;0,020295745;0,25150247;0,972431795;1,37795767;1,37795767
23-ago;0,419851066;8610533503456461;17,93387582;0,020799314;0,128899564;0,398897084;0,780993936;0,780993936;0,020295745;0,25150247;0,972431795;1,37795767;1,37795767
24-ago;0,41741842;8558903970564096;17,94225492;0,020799314;0,128899564;0,398897084;0,780993936;0,780993936;0,020295745;0,25150247;0,972431795;1,37795767;1,37795767
25-ago;0,415235887;8512853936237773;17,95587064;0,020799314;0,128899564;0,398897084;0,780993936;0,780993936;0,020295745;0,25150247;0,972431795;1,37795767;1,37795767
26-ago;0,413250308;8465531649191322;17,96411713;0,020799314;0,128899564;0,398897084;0,780993936;0,780993936;0,020295745;0,25150247;0,972431795;1,37795767;1,37795767
27-ago;0,411385387;8417296381596058;17,97125365;0,020799314;0,128899564;0,398897084;0,780993936;0,780993936;0,020295745;0,25150247;0,972431795;1,37795767;1,37795767
28-ago;0,409513157;8368459541753856;17,97149452;0,020799314;0,128899564;0,398897084;0,780993936;0,780993936;0,020295745;0,25150247;0,972431795;1,37795767;1,37795767
29-ago;0,40778313;8322829490883174;17,9649429;0,020799314;0,128899564;0,398897084;0,780993936;0,780993936;0,020295745;0,25150247;0,972431795;1,37795767;1,37795767
30-ago;0,405787799;8277982343198310;17,96145709;0,020799314;0,128899564;0,398897084;0,780993936;0,780993936;0,020295745;0,25150247;0,972431795;1,37795767;1,37795767
31-ago;0,403333684;8233479340793037;17,9541722;0,020799314;0,128899564;0,398897084;0,780993936;0,780993936;0,020295745;0,25150247;0,972431795;1,37795767;1,37795767
01-set;0,401096814;8189096590105395;17,94576476;0,020799314;0,128899564;0,398897084;0,780993936;0,780993936;0,020295745;0,25150247;0,972431795;1,37795767;1,37795767
02-set;0,399046765;8143948299069235;17,93559349;0,020799314;0,128899564;0,398897084;0,780993936;0,780993936;0,020295745;0,25150247;0,972431795;1,37795767;1,37795767
03-set;0,397217527;8097724755904922;17,92248098;0,020799314;0,128899564;0,398897084;0,780993936;0,780993936;0,020295745;0,25150247;0,972431795;1,37795767;1,37795767
04-set;0,395332025;8049749320123802;17,91230122;0,020799314;0,128899564;0,398897084;0,780993936;0,780993936;0,020295745;0,25150247;0,972431795;1,37795767;1,37795767
05-set;0,393830069;8002384607758746;17,89255863;0,020799314;0,128899564;0,398897084;0,780993936;0,780993936;0,020295745;0,25150247;0,972431795;1,37795767;1,37795767
06-set;0,392003828;7953098546274918;17,87053994;0,020799314;0,128899564;0,398897084;0,780993936;0,780993936;0,020295745;0,25150247;0,972431795;1,37795767;1,37795767
07-set;0,389683971;7900535733358899;17,85503378;0,020799314;0,128899564;0,398897084;0,780993936;0,780993936;0,020295745;0,25150247;0,972431795;1,37795767;1,37795767
08-set;0,387705221;7847254917497446;17,83994155;0,020799314;0,128899564;0,398897084;0,780993936;0,780993936;0,020295745;0,25150247;0,972431795;1,37795767;1,37795767
09-set;0,385681158;7796426892864102;17,8338555;0,020799314;0,128899564;0,398897084;0,780993936;0,780993936;0,020295745;0,25150247;0,972431795;1,37795767;1,37795767
10-set;0,383735772;7747210074585907;17,83089629;0,020799314;0,128899564;0,398897084;0,780993936;0,780993936;0,020295745;0,25150247;0,972431795;1,37795767;1,37795767
11-set;0,381465194;7693677886985421;17,82204769;0,020799314;0,128899564;0,398897084;0,780993936;0,780993936;0,020295745;0,25150247;0,972431795;1,37795767;1,37795767
12-set;0,379433348;7642139932201165;17,81400505;0,020799314;0,128899564;0,398897084;0,780993936;0,780993936;0,020295745;0,25150247;0,972431795;1,37795767;1,37795767
13-set;0,377147039;7591201819211776;17,80269732;0,020799314;0,128899564;0,398897084;0,780993936;0,780993936;0,020295745;0,25150247;0,972431795;1,37795767;1,37795767
14-set;0,373977177;7539677703752192;17,79201683;0,020799314;0,128899564;0,398897084;0,780993936;0,780993936;0,020295745;0,25150247;0,972431795;1,37795767;1,37795767
15-set;0,370817593;7487368783609344;17,78225039;0,020799314;0,128899564;0,398897084;0,780993936;0,780993936;0,020295745;0,25150247;0,972431795;1,37795767;1,37795767
16-set;0,36817108;7434741076050944;17,77243002;0,020799314;0,128899564;0,398897084;0,780993936;0,780993936;0,020295745;0,25150247;0,972431795;1,37795767;1,37795767
17-set;0,365960391;7380869741205914;17,76506419;0,020799314;0,128899564;0,398897084;0,780993936;0,780993936;0,020295745;0,25150247;0,972431795;1,37795767;1,37795767
18-set;0,36364026;7322920265774797;17,75629526;0,020799314;0,128899564;0,398897084;0,780993936;0,780993936;0,020295745;0,25150247;0,972431795;1,37795767;1,37795767
19-set;0,361860454;7269643914274509;17,749834;0,020799314;0,128899564;0,398897084;0,780993936;0,780993936;0,020295745;0,25150247;0,972431795;1,37795767;1,37795767
20-set;0,3602382;7218005026188390;17,73370419;0,020799314;0,128899564;0,398897084;0,780993936;0,780993936;0,020295745;0,25150247;0,972431795;1,37795767;1,37795767
21-set;0,358626598;7163128611699917;17,71765552;0,020799314;0,128899564;0,398897084;0,780993936;0,780993936;0,020295745;0,25150247;0,972431795;1,37795767;1,37795767
22-set;0,357394485;7107835470584934;17,70932936;0,020799314;0,128899564;0,398897084;0,780993936;0,780993936;0,020295745;0,25150247;0,972431795;1,37795767;1,37795767
23-set;0,356359911;7056580027077427;17,70294784;0,020799314;0,128899564;0,398897084;0,780993936;0,780993936;0,020295745;0,25150247;0,972431795;1,37795767;1,37795767
24-set;0,355422245;7008277161292288;17,69242767;0,020799314;0,128899564;0,398897084;0,780993936;0,780993936;0,020295745;0,25150247;0,972431795;1,37795767;1,37795767
25-set;0,354373276;6957212346236006;17,67452349;0,020799314;0,128899564;0,398897084;0,780993936;0,780993936;0,020295745;0,25150247;0,972431795;1,37795767;1,37795767
26-set;0,353633991;6907329689848320;17,65448886;0,020799314;0,128899564;0,398897084;0,780993936;0,780993936;0,020295745;0,25150247;0,972431795;1,37795767;1,37795767
27-set;0,352485064;6857416164699750;17,63769109;0,020799314;0,128899564;0,398897084;0,780993936;0,780993936;0,020295745;0,25150247;0,972431795;1,37795767;1,37795767
28-set;0,35067867;6811592823000269;17,62265572;0,020799314;0,128899564;0,398897084;0,780993936;0,780993936;0,020295745;0,25150247;0,972431795;1,37795767;1,37795767
29-set;0,348913195;6767794709473382;17,60502049;0,020799314;0,128899564;0,398897084;0,780993936;0,780993936;0,020295745;0,25150247;0,972431795;1,37795767;1,37795767
30-set;0,347534204;6722883327218483;17,58791495;0,020799314;0,128899564;0,398897084;0,780993936;0,780993936;0,020295745;0,25150247;0,972431795;1,37795767;1,37795767
01-ott;0,346525506;6677846847726899;17,57399372;0,020799314;0,128899564;0,398897084;0,780993936;0,780993936;0,020295745;0,25150247;0,972431795;1,37795767;1,37795767
02-ott;0,345487199;6631653669222093;17,56038086;0,020799314;0,128899564;0,398897084;0,780993936;0,780993936;0,020295745;0,25150247;0,972431795;1,37795767;1,37795767
03-ott;0,344941649;6588109672554701;17,54460808;0,020799314;0,128899564;0,398897084;0,780993936;0,780993936;0,020295745;0,25150247;0,972431795;1,37795767;1,37795767
04-ott;0,344274548;6544343574406656;17,52556415;0,020799314;0,128899564;0,398897084;0,780993936;0,780993936;0,020295745;0,25150247;0,972431795;1,37795767;1,37795767
05-ott;0,343123683;6501123766574592;17,50679345;0,020799314;0,128899564;0,398897084;0,780993936;0,780993936;0,020295745;0,25150247;0,972431795;1,37795767;1,37795767
06-ott;0,342267941;6458627095965798;17,48693238;0,020799314;0,128899564;0,398897084;0,780993936;0,780993936;0,020295745;0,25150247;0,972431795;1,37795767;1,37795767
07-ott;0,341779567;6416617834350490;17,46145365;0,020799314;0,128899564;0,398897084;0,780993936;0,780993936;0,020295745;0,25150247;0,972431795;1,37795767;1,37795767
08-ott;0,341216918;6372762120414618;17,43291039;0,020799314;0,128899564;0,398897084;0,780993936;0,780993936;0,020295745;0,25150247;0,972431795;1,37795767;1,37795767
09-ott;0,340637536;6327246552905523;17,40426785;0,020799314;0,128899564;0,398897084;0,780993936;0,780993936;0,020295745;0,25150247;0,972431795;1,37795767;1,37795767
10-ott;0,340344581;6287443193362125;17,38039471;0,020799314;0,128899564;0,398897084;0,780993936;0,780993936;0,020295745;0,25150247;0,972431795;1,37795767;1,37795767
11-ott;0,339759695;6247984140559974;17,3629622;0,020799314;0,128899564;0,398897084;0,780993936;0,780993936;0,020295745;0,25150247;0,972431795;1,37795767;1,37795767
12-ott;0,33835439;6208026019734221;17,34586709;0,020799314;0,128899564;0,398897084;0,780993936;0,780993936;0,020295745;0,25150247;0,972431795;1,37795767;1,37795767
13-ott;0,336056713;6169174713623654;17,32738232;0,020799314;0,128899564;0,398897084;0,780993936;0,780993936;0,020295745;0,25150247;0,972431795;1,37795767;1,37795767
14-ott;0,333422777;6129748080091955;17,30648198;0,020799314;0,128899564;0,398897084;0,780993936;0,780993936;0,020295745;0,25150247;0,972431795;1,37795767;1,37795767
15-ott;0,330745808;6092012708969779;17,28389981;0,020799314;0,128899564;0,398897084;0,780993936;0,780993936;0,020295745;0,25150247;0,972431795;1,37795767;1,37795767
16-ott;0,328255569;6058692152082022;17,26089721;0,020799314;0,128899564;0,398897084;0,780993936;0,780993936;0,020295745;0,25150247;0,972431795;1,37795767;1,37795767
17-ott;0,326466788;6024971167257190;17,23613601;0,020799314;0,128899564;0,398897084;0,780993936;0,780993936;0,020295745;0,25150247;0,972431795;1,37795767;1,37795767
18-ott;0,324506297;5989757276896973;17,21311676;0,020799314;0,128899564;0,398897084;0,780993936;0,780993936;0,020295745;0,25150247;0,972431795;1,37795767;1,37795767
19-ott;0,322080161;5958320031212442;17,18813966;0,020799314;0,128899564;0,398897084;0,780993936;0,780993936;0,020295745;0,25150247;0,972431795;1,37795767;1,37795767
20-ott;0,31942752;5923941935984538;17,16334928;0,020799314;0,128899564;0,398897084;0,780993936;0,780993936;0,020295745;0,25150247;0,972431795;1,37795767;1,37795767
21-ott;0,316937641;5889528573071360;17,14025994;0,020799314;0,128899564;0,398897084;0,780993936;0,780993936;0,020295745;0,25150247;0,972431795;1,37795767;1,37795767
22-ott;0,314713158;5858645666175795;17,10718887;0,020799314;0,128899564;0,398897084;0,780993936;0,780993936;0,020295745;0,25150247;0,972431795;1,37795767;1,37795767
23-ott;0,312610684;5824944781375898;17,07623801;0,020799314;0,128899564;0,398897084;0,780993936;0,780993936;0,020295745;0,25150247;0,972431795;1,37795767;1,37795767
24-ott;0,311077825;5792405306917171;17,04595465;0,020799314;0,128899564;0,398897084;0,780993936;0,780993936;0,020295745;0,25150247;0,972431795;1,37795767;1,37795767
25-ott;0,30981002;5760331108920525;17,01397782;0,020799314;0,128899564;0,398897084;0,780993936;0,780993936;0,020295745;0,25150247;0,972431795;1,37795767;1,37795767
26-ott;0,308225406;5728353606455194;16,98748246;0,020799314;0,128899564;0,398897084;0,780993936;0,780993936;0,020295745;0,25150247;0,972431795;1,37795767;1,37795767
27-ott;0,306571705;5697018932734362;16,96117808;0,020799314;0,128899564;0,398897084;0,780993936;0,780993936;0,020295745;0,25150247;0,972431795;1,37795767;1,37795767
28-ott;0,305012727;5665173988097331;16,92816902;0,020799314;0,128899564;0,398897084;0,780993936;0,780993936;0,020295745;0,25150247;0,972431795;1,37795767;1,37795767
29-ott;0,30340022;5631946830244352;16,89824326;0,020799314;0,128899564;0,398897084;0,780993936;0,780993936;0,020295745;0,25150247;0,972431795;1,37795767;1,37795767
30-ott;0,301583468;5598253328893850;16,86845799;0,020799314;0,128899564;0,398897084;0,780993936;0,780993936;0,020295745;0,25150247;0,972431795;1,37795767;1,37795767
31-ott;0,300034221;5570953768390554;16,83697379;0,020799314;0,128899564;0,398897084;0,780993936;0,780993936;0,020295745;0,25150247;0,972431795;1,37795767;1,37795767
01-nov;0,298291394;5551856144336282;16,80917341;0,020799314;0,128899564;0,398897084;0,780993936;0,780993936;0,020295745;0,25150247;0,972431795;1,37795767;1,37795767
02-nov;0,296495635;5530360565709312;16,78014448;0,020799314;0,128899564;0,398897084;0,780993936;0,780993936;0,020295745;0,25150247;0,972431795;1,37795767;1,37795767
03-nov;0,295514424;5501907820011520;16,75269368;0,020799314;0,128899564;0,398897084;0,780993936;0,780993936;0,020295745;0,25150247;0,972431795;1,37795767;1,37795767
04-nov;0,295188469;5471766971617075;16,72056723;0,020799314;0,128899564;0,398897084;0,780993936;0,780993936;0,020295745;0,25150247;0,972431795;1,37795767;1,37795767
05-nov;0,295057446;5443421685554995;16,68970123;0,020799314;0,128899564;0,398897084;0,780993936;0,780993936;0,020295745;0,25150247;0,972431795;1,37795767;1,37795767
06-nov;0,295144208;5415250043606733;16,65326705;0,020799314;0,128899564;0,398897084;0,780993936;0,780993936;0,020295745;0,25150247;0,972431795;1,37795767;1,37795767
07-nov;0,295616847;5389837219378381;16,61735473;0,020799314;0,128899564;0,398897084;0,780993936;0,780993936;0,020295745;0,25150247;0,972431795;1,37795767;1,37795767
08-nov;0,29589639;5364328084616602;16,58200094;0,020799314;0,128899564;0,398897084;0,780993936;0,780993936;0,020295745;0,25150247;0,972431795;1,37795767;1,37795767
09-nov;0,295660259;5338191229434880;16,54931358;0,020799314;0,128899564;0,398897084;0,780993936;0,780993936;0,020295745;0,25150247;0,972431795;1,37795767;1,37795767
10-nov;0,294395604;5312559489622016;16,51774407;0,020799314;0,128899564;0,398897084;0,780993936;0,780993936;0,020295745;0,25150247;0,972431795;1,37795767;1,37795767
11-nov;0,292222371;5285300332847923;16,48628139;0,020799314;0,128899564;0,398897084;0,780993936;0,780993936;0,020295745;0,25150247;0,972431795;1,37795767;1,37795767
12-nov;0,289768829;5257734892648960;16,45004247;0,020799314;0,128899564;0,398897084;0,780993936;0,780993936;0,020295745;0,25150247;0,972431795;1,37795767;1,37795767
13-nov;0,286966017;5232163960791040;16,41714317;0,020799314;0,128899564;0,398897084;0,780993936;0,780993936;0,020295745;0,25150247;0,972431795;1,37795767;1,37795767
14-nov;0,284463271;5207170441068339;16,37761965;0,020799314;0,128899564;0,398897084;0,780993936;0,780993936;0,020295745;0,25150247;0,972431795;1,37795767;1,37795767
15-nov;0,281948898;5179919323840512;16,33867791;0,020799314;0,128899564;0,398897084;0,780993936;0,780993936;0,020295745;0,25150247;0,972431795;1,37795767;1,37795767
16-nov;0,279629027;5156033097416806;16,30101941;0,020799314;0,128899564;0,398897084;0,780993936;0,780993936;0,020295745;0,25150247;0,972431795;1,37795767;1,37795767
17-nov;0,277518559;5132324367921050;16,26358503;0,020799314;0,128899564;0,398897084;0,780993936;0,780993936;0,020295745;0,25150247;0,972431795;1,37795767;1,37795767
18-nov;0,275201396;5102561429767885;16,21578119;0,020799314;0,128899564;0,398897084;0,780993936;0,780993936;0,020295745;0,25150247;0,972431795;1,37795767;1,37795767
19-nov;0,272994081;5068644328890675;16,16987724;0,020799314;0,128899564;0,398897084;0,780993936;0,780993936;0,020295745;0,25150247;0,972431795;1,37795767;1,37795767
20-nov;0,270934637;5032480489026150;16,1186543;0,020799314;0,128899564;0,398897084;0,780993936;0,780993936;0,020295745;0,25150247;0,972431795;1,37795767;1,37795767
21-nov;0,26948755;4999949291013530;16,07003171;0,020799314;0,128899564;0,398897084;0,780993936;0,780993936;0,020295745;0,25150247;0,972431795;1,37795767;1,37795767
22-nov;0,268231455;4966882960610099;16,01953015;0,020799314;0,128899564;0,398897084;0,780993936;0,780993936;0,020295745;0,25150247;0,972431795;1,37795767;1,37795767
23-nov;0,267287411;4934293698524058;15,97066961;0,020799314;0,128899564;0,398897084;0,780993936;0,780993936;0,020295745;0,25150247;0,972431795;1,37795767;1,37795767
24-nov;0,266174122;4902356380888883;15,92351443;0,020799314;0,128899564;0,398897084;0,780993936;0,780993936;0,020295745;0,25150247;0,972431795;1,37795767;1,37795767
25-nov;0,264780829;4865995411743642;15,88275825;0,020799314;0,128899564;0,398897084;0,780993936;0,780993936;0,020295745;0,25150247;0,972431795;1,37795767;1,37795767
26-nov;0,263373288;4828191079987814;15,84230646;0,020799314;0,128899564;0,398897084;0,780993936;0,780993936;0,020295745;0,25150247;0,972431795;1,37795767;1,37795767
27-nov;0,262300734;4791816095982285;15,79684573;0,020799314;0,128899564;0,398897084;0,780993936;0,780993936;0,020295745;0,25150247;0,972431795;1,37795767;1,37795767
28-nov;0,261618954;4757043204601344;15,75394018;0,020799314;0,128899564;0,398897084;0,780993936;0,780993936;0,020295745;0,25150247;0,972431795;1,37795767;1,37795767
29-nov;0,260537866;4723033111482778;15,7093048;0,020799314;0,128899564;0,398897084;0,780993936;0,780993936;0,020295745;0,25150247;0,972431795;1,37795767;1,37795767
30-nov;0,259343328;4695783139337421;15,66621548;0,020799314;0,128899564;0,398897084;0,780993936;0,780993936;0,020295745;0,25150247;0,972431795;1,37795767;1,37795767
01-dic;0,258520639;4668505002788966;15,62424109;0,020799314;0,128899564;0,398897084;0,780993936;0,780993936;0,020295745;0,25150247;0,972431795;1,37795767;1,37795767
02-dic;0,258395049;4636933812900762;15,57606117;0,020799314;0,128899564;0,398897084;0,780993936;0,780993936;0,020295745;0,25150247;0,972431795;1,37795767;1,37795767
03-dic;0,259146346;4602931987725926;15,53194584;0,020799314;0,128899564;0,398897084;0,780993936;0,780993936;0,020295745;0,25150247;0,972431795;1,37795767;1,37795767
04-dic;0,260389552;4570481501341389;15,49652942;0,020799314;0,128899564;0,398897084;0,780993936;0,780993936;0,020295745;0,25150247;0,972431795;1,37795767;1,37795767
05-dic;0,261949546;4537850092532224;15,4618428;0,020799314;0,128899564;0,398897084;0,780993936;0,780993936;0,020295745;0,25150247;0,972431795;1,37795767;1,37795767
06-dic;0,263147668;4501381890954035;15,41976083;0,020799314;0,128899564;0,398897084;0,780993936;0,780993936;0,020295745;0,25150247;0,972431795;1,37795767;1,37795767
07-dic;0,263650013;4465778103059354;15,37224197;0,020799314;0,128899564;0,398897084;0,780993936;0,780993936;0,020295745;0,25150247;0,972431795;1,37795767;1,37795767
08-dic;0,264419471;4431350161672807;15,32712668;0,020799314;0,128899564;0,398897084;0,780993936;0,780993936;0,020295745;0,25150247;0,972431795;1,37795767;1,37795767
09-dic;0,265076367;4395884525178368;15,27419728;0,020799314;0,128899564;0,398897084;0,780993936;0,780993936;0,020295745;0,25150247;0,972431795;1,37795767;1,37795767
10-dic;0,265187827;4359536943989248;15,21779003;0,020799314;0,128899564;0,398897084;0,780993936;0,780993936;0,020295745;0,25150247;0,972431795;1,37795767;1,37795767
11-dic;0,264440044;4325067790945383;15,1683981;0,020799314;0,128899564;0,398897084;0,780993936;0,780993936;0,020295745;0,25150247;0,972431795;1,37795767;1,37795767
12-dic;0,263233491;4293850497685504;15,12879146;0,020799314;0,128899564;0,398897084;0,780993936;0,780993936;0,020295745;0,25150247;0,972431795;1,37795767;1,37795767
13-dic;0,261641838;4260606595582362;15,08732919;0,020799314;0,128899564;0,398897084;0,780993936;0,780993936;0,020295745;0,25150247;0,972431795;1,37795767;1,37795767
14-dic;0,259368185;4225062731016090;15,04221867;0,020799314;0,128899564;0,398897084;0,780993936;0,780993936;0,020295745;0,25150247;0,972431795;1,37795767;1,37795767
15-dic;0,256738135;4194758780297011;15,0022322;0,020799314;0,128899564;0,398897084;0,780993936;0,780993936;0,020295745;0,25150247;0,972431795;1,37795767;1,37795767
16-dic;0,254232736;4165625775441511;14,95571204;0,020799314;0,128899564;0,398897084;0,780993936;0,780993936;0,020295745;0,25150247;0,972431795;1,37795767;1,37795767
17-dic;0,252218867;4132424671470183;14,90456367;0,020799314;0,128899564;0,398897084;0,780993936;0,780993936;0,020295745;0,25150247;0,972431795;1,37795767;1,37795767
18-dic;0,250182063;4093030528289587;14,85744677;0,020799314;0,128899564;0,398897084;0,780993936;0,780993936;0,020295745;0,25150247;0,972431795;1,37795767;1,37795767
19-dic;0,248074888;4051534339587482;14,80683791;0,020799314;0,128899564;0,398897084;0,780993936;0,780993936;0,020295745;0,25150247;0,972431795;1,37795767;1,37795767
20-dic;0,246093003;4014756827420775;14,76492449;0,020799314;0,128899564;0,398897084;0,780993936;0,780993936;0,020295745;0,25150247;0,972431795;1,37795767;1,37795767
21-dic;0,243950358;3984674527300813;14,72344866;0,020799314;0,128899564;0,398897084;0,780993936;0,780993936;0,020295745;0,25150247;0,972431795;1,37795767;1,37795767
22-dic;0,240969178;3955007145230131;14,68027627;0,020799314;0,128899564;0,398897084;0,780993936;0,780993936;0,020295745;0,25150247;0,972431795;1,37795767;1,37795767
23-dic;0,237409563;3924636482153370;14,64123051;0,020799314;0,128899564;0,398897084;0,780993936;0,780993936;0,020295745;0,25150247;0,972431795;1,37795767;1,37795767
24-dic;0,234051385;3894580493630464;14,60684984;0,020799314;0,128899564;0,398897084;0,780993936;0,780993936;0,020295745;0,25150247;0,972431795;1,37795767;1,37795767
25-dic;0,230832019;3862644641823027;14,57403476;0,020799314;0,128899564;0,398897084;0,780993936;0,780993936;0,020295745;0,25150247;0,972431795;1,37795767;1,37795767
26-dic;0,223160986;3830924151724442;14,53391702;0,020799314;0,128899564;0,398897084;0,780993936;0,780993936;0,020295745;0,25150247;0,972431795;1,37795767;1,37795767
27-dic;0,214562992;3801897991807591;14,49352578;0,020799314;0,128899564;0,398897084;0,780993936;0,780993936;0,020295745;0,25150247;0,972431795;1,37795767;1,37795767
28-dic;0,20647157;3775310955190119;14,44944453;0,020799314;0,128899564;0,398897084;0,780993936;0,780993936;0,020295745;0,25150247;0,972431795;1,37795767;1,37795767
29-dic;0,198476202;3743137462520525;14,39990522;0,020799314;0,128899564;0,398897084;0,780993936;0,780993936;0,020295745;0,25150247;0,972431795;1,37795767;1,37795767
30-dic;0,190564297;3707853518697831;14,35789324;0,020799314;0,128899564;0,398897084;0,780993936;0,780993936;0,020295745;0,25150247;0,972431795;1,37795767;1,37795767
31-dic;0,183054673;3678752155775591;14,32065671;0,020799314;0,128899564;0,398897084;0,780993936;0,780993936;0,020295745;0,25150247;0,972431795;1,37795767;1,37795767

